customer,2021-01,2021-02,2021-03,2021-04,2021-05,2021-06,2021-07,2021-08,2021-09,2021-10,2021-11,2021-12,2022-01,2022-02,2022-03,2022-04,2022-05,2022-06,2022-07,2022-08,2022-09,2022-10,2022-11,2022-12,2023-01,2023-02,2023-03,2023-04,2023-05,2023-06,2023-07,2023-08,2023-09,2023-10,2023-11,2023-12,2024-01,2024-02,2024-03,2024-04,2024-05,2024-06,2024-07,2024-08,2024-09,2024-10,2024-11,2024-12,2025-01,2025-02,2025-03,2025-04,2025-05,2025-06,2025-07,2025-08,2025-09,
 BONIFACE,514.60,733.20,1260.50,824.80,1425.10,895.10,707.75,920.55,775.75,1067.00,1540.50,849.15,1273.30,1097.40,973.50,1258.05,1445.50,1173.80,1194.00,567.95,,,,,,,,,,,,,,,,,,,,,,,,,,,,,,,,,,,,,,
3P.COCHONS,,,,,,,,,,,,,,,,,,,,,,,,,,,,,,,,524.00,,,,,,,,,,,,329.00,420.00,,,,,703.50,,,,29.00,379.00,,,
99APPARTHÔ,,,,,,,,,,,,,,,,,,,,,,,,,,,,,,,,,,,,,,,,,,1675.40,2977.00,2790.80,2640.50,1350.65,1317.45,899.85,976.00,373.00,743.60,558.40,570.15,595.10,1786.95,858.95,1313.60,
ADMIN COM.,90.35,108.10,75.30,62.70,95.45,57.65,30.25,45.25,65.15,20.10,35.25,57.65,20.15,,106.35,67.75,68.70,80.30,50.10,21.65,53.75,36.75,103.90,128.60,38.00,10.05,79.90,42.20,10.10,77.10,12.60,42.80,26.20,87.15,104.35,31.70,63.00,127.10,34.20,,1128.50,,51.90,227.25,200.05,7.55,30.65,12.60,190.55,,64.50,82.10,744.25,,,102.25,37.75,
ADMIRAL,,,,,,,,911.65,4528.20,5070.80,5372.95,4239.70,4141.75,3794.95,3944.00,4715.45,5293.90,4929.65,5755.95,4972.00,5279.10,4449.15,5223.40,5300.90,4366.85,4887.00,6278.85,4312.45,4230.60,5860.05,4121.75,5569.80,4347.25,4296.00,4788.10,4391.60,3453.40,4205.00,4068.10,3431.25,4948.10,5000.95,5405.85,4058.15,4577.55,4515.50,4007.90,4980.45,3396.45,3810.40,3465.45,4275.70,4750.40,4864.55,4398.65,4472.10,3865.00,
AMBASSADOR,,1093.65,502.55,,,,,,,,,,,,,,,,,,,,,,,,,,,,,,,,,,,,,,,,,,,,,,,,,,,,,,,
ARTLAUNDRY,,,,,,,,,,,,,,,,,,,,,,,,,,,,,,,,,,,,,,,,,,,2259.80,,,,,,,,,,,,,,,
ATHMOS,996.30,1297.05,3297.85,4881.55,4825.50,4289.45,5632.95,9617.90,3637.20,3133.50,3569.00,1553.40,3105.00,5406.05,,4897.05,4343.65,5698.10,4172.55,3519.90,5584.45,4153.35,4699.45,2572.00,2939.15,3766.00,4080.95,3472.40,5289.45,5336.05,5313.60,3219.25,5056.25,5105.10,4356.65,3617.35,2282.80,4006.90,3956.50,3762.50,5122.65,5042.35,5989.15,4269.10,5986.45,5526.00,5393.95,3223.30,2305.20,3803.25,4768.50,4044.85,5635.30,5859.30,5040.80,4790.10,6006.50,
AUB. RIVAZ,,,,1152.80,709.90,1459.95,2274.40,1479.40,2378.25,1008.60,179.55,525.70,453.60,216.00,882.70,1700.80,1178.15,2005.20,1888.10,1472.40,1376.15,1682.40,543.15,513.90,660.30,553.60,1103.20,1230.20,2623.90,1905.60,2103.40,1499.90,1802.25,1427.30,1023.50,593.95,526.20,831.80,1156.50,1533.60,2204.45,1385.80,2490.00,1594.90,808.55,2043.50,782.30,280.00,168.00,600.00,519.95,1218.50,2200.55,1814.55,2093.05,706.75,1368.70,
BALZAC,1624.35,2079.80,2422.60,1797.30,1633.75,1951.80,2683.05,4669.80,3326.70,2416.65,3245.00,3494.60,3586.25,3223.40,3047.40,2779.05,3299.30,2518.30,2415.40,1919.25,2190.75,2352.15,2052.65,2078.20,2691.75,1142.55,1847.25,2892.15,1404.90,1806.60,2261.60,2305.10,1622.70,3430.45,1339.20,2295.80,1572.15,1300.15,1650.75,1991.35,2359.45,1375.30,1935.00,2001.20,1741.85,1968.50,933.40,,,,,,,,2143.80,991.80,1991.05,
BARCAROLLE,,,,,,,,,,,,,,,,,,,,,,,,,,5707.15,5004.40,5315.65,7867.35,9332.55,11764.95,11128.80,9417.30,7348.65,4300.20,1867.90,2747.20,3602.40,4270.25,6083.70,7499.70,8516.00,10337.65,11056.55,9516.50,5971.30,5560.60,3140.55,2801.10,4063.30,4378.45,5410.35,8070.55,10729.55,12962.95,9881.35,9489.10,
BARLEMAN,,,,,,,,,,,,293.00,,,,,,,,,,,,,,,,,,,,,,,,,,,,,,,,,,,,,,,,,,,,,,
BATELIÈRE,,,,,,,,,,,,,,,,,,,,,,,,,,,,,,,,662.00,400.00,400.00,400.00,400.00,,204.30,,,669.50,332.70,612.30,665.30,495.30,-1119.00,,2272.00,400.00,400.00,400.00,400.00,407.50,439.40,400.00,,2551.30,
BEATFITNES,,,101.20,273.35,909.85,784.20,1178.15,1031.60,1002.80,1171.60,1258.40,965.90,954.90,1115.65,1438.55,1197.90,1726.95,1380.00,1361.40,1358.80,1456.50,1454.00,1308.75,871.95,1141.35,1398.20,1460.85,1112.30,1324.55,1246.80,1215.35,1435.30,985.60,1140.00,1356.55,1027.60,1168.05,1476.70,1214.70,1353.25,1361.00,964.05,1525.85,1031.15,1149.25,1245.80,1060.50,1029.50,1101.80,1156.80,1264.65,1181.60,1236.45,1199.20,1277.70,1176.40,1259.35,
BEAUSITE H,738.60,862.40,1071.60,926.30,1091.00,978.40,1145.80,1821.00,2088.20,1643.00,1773.70,773.70,1076.25,1403.80,1129.95,1735.70,2755.75,2194.20,2882.55,395.20,,,,,,,,,,,,,,,,,,,,,,,,,,,,,,,,,,,,,,
BEAUSITE R,1048.20,1054.40,1314.40,1021.60,1001.00,1242.40,1028.80,1040.80,833.40,826.60,1060.50,831.20,1097.05,850.00,844.85,873.95,1337.45,1064.20,1357.95,819.20,,,,,,,,,,,,,,,,,,,,,,,,,,,,,,,,,,,,,,
BELALP,346.40,239.15,265.10,193.65,421.50,128.10,361.15,433.85,497.00,151.30,197.95,202.75,213.95,,,272.40,261.85,199.80,247.95,156.00,142.10,138.85,201.35,165.00,,206.40,161.05,159.50,,,,,,,,,,,,,,,,,,,,,,,,,,,,,,
BELLEVUE,,,,,,,2102.80,852.90,725.70,301.90,238.30,166.85,184.85,614.80,382.70,675.20,944.85,663.50,1000.95,1379.55,749.40,427.90,244.80,,,,,216.95,,285.70,,,,,,,,,,,,,,,,,,,,,,,,,,,,
BON-PORT,,,1008.90,3006.35,3637.50,2858.15,6552.15,5976.95,4208.20,5413.00,3173.45,3574.75,1134.20,2210.70,4484.80,3846.10,5202.35,6535.95,4214.40,,-615.60,,,,,,,,,,,,,,,,,,,,,,,,,,,,,,,,,,,,,
BOULEVARD,820.15,410.90,704.65,166.95,,,,,,,,,1037.75,969.60,774.65,1035.10,1794.50,2090.30,2713.50,1695.05,2185.50,1837.10,1427.75,1135.30,1098.55,1801.55,973.00,988.05,1081.70,1202.00,1292.50,990.95,798.75,874.45,1113.60,898.00,964.15,1059.90,1042.35,1236.60,1500.05,1285.95,1599.70,1677.40,1569.40,1429.70,1089.25,1156.75,933.50,1006.55,1356.80,810.35,984.40,1196.60,1249.60,804.55,999.60,
BOURGEOISI,,,,,,,,,,,,,,,24.00,,340.00,198.00,242.00,195.50,73.00,315.00,288.00,154.50,102.25,149.35,162.65,163.20,236.85,319.75,355.80,204.05,271.85,223.00,182.75,78.65,246.55,135.55,198.25,162.60,168.90,202.30,177.55,379.40,204.60,108.95,225.90,162.60,130.45,125.80,128.10,106.25,235.60,,,,,
BRABECK,467.85,,600.70,,,281.40,278.15,,420.20,,408.95,490.05,,661.75,,392.65,,325.85,542.80,,,273.95,,582.75,,255.20,,,,394.20,,,,461.15,,518.50,,307.35,436.45,,380.90,433.65,,162.40,,475.65,376.65,574.65,,469.25,,391.95,,567.75,590.70,,346.55,
BRASS.LIPP,,,,,,,,,,,,,,,,,,,,,,,,,,,,,,,,,,,,,,,,,,,,,,,,,,,,,,7643.75,18085.10,12868.25,16839.85,
BRUSCHETTA,,163.00,,,470.60,1229.00,952.75,879.50,1354.00,1424.90,2010.65,1516.15,1227.00,1972.30,1784.40,1772.75,1689.90,1771.55,757.10,1211.65,1857.35,2391.30,2033.20,1978.45,2266.45,2282.20,2831.60,1912.25,1798.10,1703.00,812.10,1609.75,1511.45,2560.70,2280.85,2431.55,2217.80,2297.80,1645.40,1836.90,1695.10,1578.20,866.15,1097.05,1575.60,1925.85,1869.25,1771.40,1279.55,916.90,1099.10,698.85,835.90,614.00,438.00,388.70,931.80,
C.V.ILLIEZ,,,,,,,,,,,,,,,,,,,,,,,,,,,,,,,,,,,,,,,,90.00,35.00,78.50,35.00,57.00,51.00,7.00,28.00,92.00,14.00,,21.00,44.00,,,,,,
CAFE SUISS,,,,,162.35,1172.55,1474.65,737.15,1558.50,1457.25,1461.55,1123.70,769.40,1153.30,2009.50,1318.60,1824.60,1361.45,1324.80,810.00,1547.90,1398.40,1495.00,1552.55,573.40,1453.90,1692.55,1752.60,1706.70,2167.75,890.85,916.45,1511.05,1939.45,1528.30,1718.75,153.10,359.60,641.00,588.50,563.55,498.15,509.15,349.65,527.10,529.60,536.00,575.30,330.55,431.90,442.65,542.75,641.35,497.40,494.75,364.40,636.25,
CAPITAINE,,,,,,,,,,,,,,,,,,,,,,,,,,,,,,,,,,,,,,,975.00,315.00,413.30,1060.35,919.90,640.95,763.20,806.95,215.65,666.80,,201.65,,554.60,322.80,1096.45,1711.55,857.00,849.20,
CARLTON HO,473.05,3052.05,4959.00,7776.15,7688.95,10592.95,11425.50,9653.60,10695.25,9847.55,13524.35,7755.00,4716.40,5531.85,10115.35,8337.50,13063.20,12313.05,11603.30,11049.50,12894.90,12329.50,10993.25,12066.75,7144.00,10447.20,13049.60,9900.10,14590.10,12024.05,13944.75,11990.10,14197.10,14584.70,11606.30,9680.25,8642.55,10344.10,9669.50,10265.05,12233.35,10938.65,14080.35,11306.05,10223.65,11900.50,10332.95,10742.25,9373.55,9229.55,9822.20,10376.35,12017.65,10091.95,13109.15,12117.00,12963.55,
CARNIVOR,,,,,,,,,,,,,,,,,,,,,,,,,,,,,,,,,,,,,,,,,,,,,,,,,,,,,,715.00,1513.30,972.95,370.05,
CASA LULIA,,,,,,,,,,,,,,,,,,,,,,,,,,,,,,,,,,,,,,,,,,,,,,,,,,,,,,,817.00,1474.20,1774.85,
CASTEL EVA,,,,,,,,,,,,,,,,,,,,,,,,,,,,,,,,,,,,,,,,,,,,,,,,,,1798.40,1281.05,1957.60,3571.15,2829.80,4254.80,4025.15,3482.45,
CENTRE FOR,,,3347.00,6375.20,6080.25,4874.95,5438.15,8705.25,8281.45,7917.10,4135.05,1278.85,681.75,1833.65,4500.30,5380.60,3422.15,,,,,,,,,,,,,,,,,,,,,,,,,,,,,,,,,,,,,,,,,
CH.MTPÈLER,,,,,,,,,,,,,,,,,,,,,,,,,,,,,,,,,,,,1344.80,886.10,1696.20,1417.25,2895.90,3260.20,2748.30,3723.20,3702.00,3407.60,2383.60,2250.30,1749.50,1635.70,1415.40,1384.35,1489.15,2158.55,1902.50,1825.05,1523.40,2020.85,
CHAILLERY,,,,,,,,,,,,,,,,,,,146.00,616.00,,,,,,,,,,,,,,,,,,,,,,,,,,,,,,,,,,,,,,
CHAMOIS,,,,,,,,,,,,,,,,,,,,,,,,,,,,1615.20,870.45,1418.20,775.25,536.90,709.15,787.05,837.25,1837.10,1825.95,2023.10,748.15,,599.45,1144.50,560.45,645.30,1133.50,964.60,715.70,1266.65,1589.10,1913.65,1929.65,629.25,505.05,581.90,284.35,229.05,1014.70,
CHARLOT M.,,,,,,,,,,,,,,,,,,,,,,,,,,,,,,,,,,1117.30,389.80,573.20,388.15,309.85,165.35,363.55,662.35,646.85,899.50,840.25,461.10,399.80,456.30,418.45,309.55,307.70,343.30,415.95,479.55,651.95,693.85,784.20,476.20,
CHARLOT V.,,,,,,,,,,,,,,,,,,,,,,,,,,,,,,,,,,1777.85,1683.75,1248.70,1179.40,1424.45,1388.10,1597.95,2154.10,1814.85,2438.15,1906.40,2013.50,1808.80,1518.75,1642.00,1601.95,1339.70,1623.55,1496.00,2133.15,2026.90,2114.15,1765.80,2415.30,
CHASSEUR,,500.60,,134.20,514.55,1080.95,1525.95,1071.75,1609.15,2183.80,1959.50,2078.15,1376.30,2434.95,2332.70,1811.30,1608.00,1452.15,950.25,1211.60,1499.30,2557.30,2245.45,1689.95,1958.80,2351.05,2839.45,2193.60,1994.75,1234.90,1174.85,1391.25,1159.75,2228.35,2803.25,1566.60,1589.70,2349.05,2225.45,2056.25,2119.55,1588.20,1320.95,1228.85,1649.75,2957.85,2270.25,1830.20,1811.05,2188.05,2347.85,1977.35,2302.10,1634.75,1401.85,896.25,1757.90,
CHATEAUFOR,,,,,,,,,,,,,,,,,,,,,,,,,,,,3422.50,4444.70,6549.60,3210.90,1630.90,5797.70,5163.65,5215.55,7854.80,8775.70,9856.55,6551.90,1548.00,4891.95,5787.20,2524.60,1792.95,5800.15,3851.30,5737.15,7825.40,8825.70,9065.80,7357.60,2606.75,3563.55,4831.55,2424.00,1620.95,5212.85,
CHATONNEYR,,,,,,,,,,,,,,,,,,,,,,,,-8060.15,,,,,,,,,,,,,,,,,,,,,,,,,,,,,,,,,,
CHAUMIERE,,,,,,,,,,,,,,,,,,,,,,,,,,,1398.80,519.65,819.95,800.00,876.85,1080.35,800.00,800.00,800.00,800.00,800.00,800.00,800.00,800.00,800.00,800.00,800.00,800.00,800.00,800.00,800.00,800.00,800.00,800.00,800.00,800.00,800.00,800.00,800.00,800.00,800.00,
CHEVAL HOT,1814.50,1760.10,3169.65,2648.30,2975.50,4210.40,3604.45,4388.85,2772.05,1479.20,1072.90,2169.10,2337.75,2578.10,3779.75,4066.85,4194.05,2729.05,4838.15,5082.35,3627.00,4058.05,3647.25,2678.35,4396.75,3647.90,3864.05,4338.80,4477.95,4930.95,4640.20,5514.00,5161.65,5081.05,4387.30,4485.65,5203.70,3507.30,4556.00,4422.05,4879.85,4761.35,5686.70,5321.75,4602.70,4351.45,4550.90,5219.10,4852.50,1706.00,,,,,,,,
CHEVAL RES,,,,,457.00,1031.20,1180.55,321.00,1827.90,1592.30,2271.10,1330.00,1665.75,411.05,876.40,1683.70,1677.10,994.30,1042.70,615.10,846.05,1999.55,2103.35,1327.35,1920.00,1016.80,1051.40,1602.95,1763.40,617.00,946.30,292.15,1128.35,1854.10,2038.40,1637.90,1316.35,1333.80,1822.80,1348.20,1299.85,1259.10,740.40,740.15,798.40,1942.05,1600.75,1849.85,1132.75,1726.50,625.10,1746.45,1267.40,1019.45,784.65,660.35,1315.90,
CHEVALIERS,398.70,,2080.25,5164.00,5256.45,3989.05,5237.95,7309.80,5505.50,4787.75,3236.00,2099.50,2954.10,3119.55,4798.75,4057.90,5164.75,5742.95,7084.85,8447.75,6191.55,5577.70,3514.25,3800.00,1978.35,2626.40,1604.85,3886.95,5965.30,6571.05,6011.15,8483.50,6118.65,5127.85,3107.65,4158.45,3744.20,3305.95,2798.55,3503.30,5869.55,5298.60,6102.80,7848.20,5455.70,3986.30,3754.05,4134.80,2089.60,3748.45,2043.75,4953.80,5911.35,7131.65,6851.15,6987.25,6653.65,
CHEZ PAUL,,,,,,,,,,,,,,,,,,,,,,,,,,,,,,,,,,,,,,,878.60,1365.25,1858.15,1926.70,2430.85,2133.35,1627.00,1412.05,1499.20,988.65,528.45,1238.25,1467.05,3303.85,1792.60,1914.35,2198.05,1486.50,1649.45,
CHEZMADAME,,,,,,,,,,,,,,,,,,,,,,,,,,,,,,,,,,,,,,,659.65,485.15,575.95,271.45,302.30,220.90,430.20,798.85,574.25,399.10,384.25,337.10,230.05,230.10,345.25,148.20,,,,
COINDUBAR,,,,,,,,,,,,,,,,,,,,,,,,,,,,,,,,,,,336.00,747.60,655.80,822.60,609.60,762.00,636.00,483.00,262.80,,661.20,1006.20,798.00,1728.35,1431.30,1545.20,1854.10,1413.20,1554.80,1182.95,569.85,906.80,1869.10,
COLBRETAYE,,,,,,,,,,,,228.75,358.75,246.00,276.40,,,,,,,,171.00,146.00,324.50,360.20,205.05,,,,,,,,188.80,214.90,320.15,349.45,309.15,,,,,,,,206.50,163.55,321.90,261.00,185.05,132.25,,,,,,
COLLOMBEY,3103.30,2259.35,3929.95,2837.85,3069.15,3074.20,3744.05,2997.35,3631.30,2634.00,3536.70,2196.55,3413.85,2506.75,3989.35,3451.75,3893.40,3071.50,3514.80,4395.00,3023.70,3351.35,4200.20,3314.70,3911.50,4118.70,4506.70,3680.10,5485.15,3999.40,3872.50,4687.35,3837.95,3691.35,4509.15,3319.55,4086.55,3188.55,3237.80,4118.65,3211.00,2983.45,,,,,,,,,,,,,,,,
COMM BEX 1,-90.35,0.00,,,,,,,,,,,,,,,,,,,,,,,,,,,,,,,,,,,,,,,,,,,,,,,,,,,,,,,,
CONCIAIRGE,,,421.00,,293.00,137.00,430.00,469.00,420.00,839.00,,566.00,293.00,,,312.00,527.00,352.00,742.00,595.00,312.00,332.00,293.00,264.00,,,,,,596.00,215.00,,,,,1301.00,117.00,,,,,,,,,,,,,,,,,,,,208.15,
CONTINENTA,1061.15,2851.45,4260.30,4860.40,7581.85,7602.50,8701.60,10701.75,14818.45,13112.00,13184.75,9277.95,5470.15,6760.55,9631.45,9924.55,15875.20,18500.95,14291.80,11977.00,15690.40,13689.10,15025.90,11837.95,9257.45,10508.15,13736.90,13571.90,21893.55,22570.50,24537.00,21974.05,19213.30,20624.90,19644.90,16655.90,13394.05,12520.20,15587.60,17390.35,18979.60,19657.40,22766.00,15524.90,22779.10,21647.45,15384.35,16975.00,10792.85,13339.45,13777.05,18987.60,20333.55,21767.00,23084.25,19180.40,21239.60,
COURONNE,,,,,,,,5073.95,2378.05,2285.95,4253.35,1509.60,1918.75,1644.85,2742.30,4146.50,5077.90,6489.10,5165.35,5664.75,6392.65,5030.40,4959.75,3921.35,3434.70,4141.45,2686.25,4069.95,5032.15,5884.65,5898.95,5487.30,5064.00,5612.50,3660.85,3002.75,1678.15,4610.00,3273.30,5252.80,5338.20,5487.35,5174.60,4761.90,6350.95,4743.15,3616.85,3402.70,2624.70,2982.75,3797.55,4802.10,10866.90,5863.35,5525.30,4424.40,5992.10,
CRET-BERAR,,,,,,989.20,1007.40,1905.90,2461.80,675.90,1207.10,310.50,,384.20,2022.10,1122.90,1885.40,2629.40,6312.50,-747.75,2105.60,1311.00,1431.80,524.55,1160.95,694.70,1891.90,1345.55,2009.80,3099.05,2722.90,1614.75,2364.00,1952.00,1142.85,615.10,1323.85,1296.60,1107.85,1635.35,2380.65,2593.25,3586.10,3161.65,2550.15,2133.85,500.00,1260.05,984.30,1215.20,1340.25,2068.65,2465.70,3417.05,3866.45,2984.25,2180.60,
CROIX D'OR,,,,,,,,,,,,,,,,,,,,,,,,,,1579.30,1369.15,798.60,2215.10,2197.20,1522.50,2157.30,2119.30,2046.15,1676.10,1092.50,1064.65,1749.70,1462.95,1646.90,2158.10,2184.90,1533.80,2014.75,1837.90,2028.60,1523.70,1141.20,1415.30,1999.65,2263.20,1647.90,3187.85,2705.40,2051.10,2293.50,3011.60,
CROIXVERTE,,,,,,,,,,,,,,,,,,,,,,,,,,,,,,,,,,,,,,,,,,1036.65,306.90,271.35,619.10,622.80,322.75,331.00,507.00,357.75,386.60,719.75,926.50,956.20,906.95,443.40,628.10,
DE RIVAZ,385.50,864.65,904.15,,507.75,354.65,1252.05,1226.30,435.15,420.30,,433.40,705.25,488.15,606.25,213.15,694.25,750.05,2363.45,2104.50,1652.45,322.25,,388.50,203.75,821.95,328.60,,,1594.25,1744.95,2372.95,1241.00,347.20,764.70,396.30,405.50,1224.50,333.15,585.00,551.15,753.55,3599.60,2302.00,2353.05,486.75,,551.45,608.10,790.15,1074.85,,584.75,1297.50,2712.15,2644.30,2394.20,
DENTSMIDI,,,,,,,,,,,,,,,222.50,93.50,140.50,105.50,125.50,159.50,70.50,129.00,155.55,127.50,,82.70,119.50,70.05,163.85,103.95,93.10,149.50,101.65,63.15,173.65,139.05,80.35,71.15,86.75,121.20,56.20,185.65,67.15,94.20,,72.30,78.10,135.75,72.90,64.25,86.70,64.25,,,,,,
DIO INVEST,,,,,,,,,,,,,,,,,,,,,,,,,,,,,,1869.50,,,,,,,,,,,,,,,,,,,,,,,,,,,,
DIVERS,926.00,252.00,,,,,297.00,,256.95,130.00,1803.00,2776.00,194.65,,,4440.95,205.70,46.75,2018.95,1000.00,2382.25,1954.50,140.25,653.45,2265.75,1311.85,311.40,2284.05,4611.00,1443.35,178.00,1380.00,428.00,553.20,3959.50,451.20,,1671.70,137.50,,268.75,4420.15,8008.50,184.15,153.50,,1414.80,439.40,182.75,,,7312.60,,3121.20,312.80,719.20,120.00,
DRAKE LONG,2265.65,2307.55,2841.40,2326.65,3004.20,2400.00,2745.70,3817.05,5261.40,5251.65,5193.95,4165.45,3006.65,3094.75,5714.55,7653.00,9439.30,11613.20,11256.85,9600.30,11489.45,9301.90,8857.60,5227.30,4499.60,4625.05,8137.40,5061.70,9056.25,7990.45,7743.70,5732.80,10516.35,8027.70,6843.75,5593.60,3995.80,5898.90,7495.70,7585.85,6675.35,9571.10,9476.60,6836.20,9164.85,8084.15,5489.80,6666.75,4477.65,6229.40,7632.85,8269.25,8723.70,9213.45,10444.25,6730.90,8474.00,
DRAKE RES,,,,,,,,,,,,,,,,,,,,,320.70,2682.80,1833.45,2067.05,2014.55,2133.45,2194.40,1953.35,2341.90,2696.75,2506.95,2185.05,2123.70,2253.85,2179.45,2460.30,2081.25,2179.25,2074.00,2352.25,2592.35,1555.35,2776.60,2300.45,2257.45,2368.60,1680.20,2332.65,2463.45,2014.10,2277.25,1713.05,2700.35,2166.95,2265.35,2063.90,2254.35,
EDEN PALAC,,,4450.30,12683.50,11699.65,11318.60,14969.20,19280.45,15563.35,10224.90,8863.60,11913.60,5855.45,6241.40,7878.85,9237.55,15875.10,17124.15,19160.15,3087.35,-876.80,,,,,,,,,,,,,,,,,,,,,,,,,,,,,,,,,,,,,
EDENANZERE,,,,,,,,,,,,,,,,,,,,,,,,,,3163.35,4007.70,1242.30,,2597.00,2675.25,4017.30,4566.15,2640.75,1646.75,1922.90,4652.80,3619.40,3709.80,740.00,1284.75,1642.60,3484.75,3867.80,4356.70,2685.55,688.70,2044.65,4141.45,5049.95,3593.55,781.50,2017.35,1861.90,3946.60,4698.10,5241.35,
ELIS,,,,,,,,,,,,,,,,,,,,,,,,,,,,,,,,,,,,,,,,,,73281.55,160208.30,129679.60,125674.90,112594.60,112672.40,115928.70,133737.90,164242.45,63978.60,62261.70,,56001.75,66870.05,,,
EPFL STUDI,415.60,537.60,530.40,372.40,396.80,288.40,541.20,387.60,587.60,477.20,518.00,,208.00,538.00,300.00,492.40,489.20,470.80,596.80,380.00,466.80,469.60,392.00,508.80,332.50,486.10,554.65,571.20,620.40,469.55,534.80,489.30,437.75,674.20,520.55,623.65,395.90,581.75,459.95,698.55,555.35,616.35,681.80,,,,1920.50,,,,,,,,,,,
EUROTEL MO,0.00,,,,,,,,,,,,,,,,,,,,,,,,,,,,,,,,,,,,,,,,,,,,,,,,,,,,,,,,,
EUROTEL VI,10931.00,16947.20,15330.60,,,,,,,561.25,,17292.40,20543.40,17610.80,21340.95,990.20,,5674.60,1918.75,,,,,-133895.05,15869.20,20907.50,16946.20,2992.10,1859.45,12056.90,13564.75,10230.20,13797.30,,3844.20,10363.50,21299.20,20124.25,13654.90,2185.95,7776.70,12212.40,17690.35,11971.45,13456.85,9418.60,,5841.05,17814.80,20266.95,16658.60,2124.95,8550.75,15864.10,16661.75,24762.45,19404.80,
EVERNESS,,,,,,,,,,,,,,,,,,,,,,,,,,,,,,,,,,,,,,,,,,,,,,,,,9940.70,10791.40,17571.00,21039.00,30662.65,34488.70,31471.90,33599.65,27526.25,
EXCELSIOR,5301.95,7592.65,7787.80,8430.40,9631.25,8206.65,9366.20,10103.00,8779.65,7061.05,7729.25,8327.00,7655.70,6711.75,7267.90,,,,,,,,,,,,,,,,,,,,,,,,,,,,,,,,,,,,,,,,,,,
FAERN VALA,,,,,,,,,,,,,,,,,,,,,,,,,,,,,,,,,,,,,1194.55,3276.60,3296.25,1328.40,,6455.85,6501.55,5308.70,4821.70,1175.90,19.10,3855.40,9064.45,6623.80,6836.20,2855.55,,4166.65,8377.80,7324.95,6307.35,
FAIRMONTGE,,,,,,,,,,,,,,,,,,,,,,,,,,,,,,,,,,,,,,,,,,,9536.50,1995.10,3417.70,,,,,,,,,,,,,
FETES ET B,,,,,,132.00,24.00,389.50,671.25,,156.00,274.50,,,,555.50,380.50,211.50,,560.00,124.00,237.00,,196.50,,,90.00,36.00,995.10,419.50,477.00,230.50,372.00,258.00,256.00,251.00,85.50,57.00,,28.50,522.50,115.50,36.00,125.00,349.00,334.00,246.00,172.50,,120.00,164.50,132.00,,30.00,212.50,144.00,294.50,
FLEURDELYS,,,,,,,,1486.50,3829.90,3211.40,2673.90,2297.70,1309.65,1563.40,1861.15,1679.55,3668.50,3891.75,2747.05,2657.00,3066.20,2937.30,2466.00,1936.65,1727.10,2395.00,2251.95,1943.45,2566.55,3141.20,3188.55,2240.90,3672.35,2756.25,3015.95,2233.85,1909.15,2607.80,2578.40,2114.10,3543.20,2646.40,3147.70,2637.50,2943.65,2876.80,2711.50,2113.05,1622.25,1823.75,2030.70,1912.65,2776.65,3438.25,2653.20,2594.00,3351.50,
FRANCE,,,,,,,,,,,,,1152.15,243.35,1267.85,1829.75,2364.65,2613.15,1977.25,2285.40,2781.85,2236.35,1669.55,2091.45,1811.30,1678.85,2146.85,2219.90,3365.30,3153.40,2874.70,2320.30,2472.05,2597.20,2557.65,2373.65,1673.95,2467.55,2090.25,2063.55,3360.80,2708.50,3234.25,2302.75,3297.80,3067.85,2867.65,2318.70,1907.20,1859.20,2038.95,2104.75,2296.95,3686.95,2692.60,2873.70,3521.45,
FRANCISCAI,,,,,,,,,,,,,,,,,,,,3284.95,4797.85,4114.25,4306.65,2357.40,2524.80,3273.20,3846.80,3554.10,4611.10,6142.35,5820.05,6061.10,5413.15,4885.90,2841.65,1921.85,2217.80,3391.10,3714.90,2881.65,4020.40,4044.55,4104.15,5001.70,4346.20,4443.90,3709.45,2232.15,2235.60,3755.50,3224.20,3377.00,3820.90,4498.55,5028.50,5500.85,5013.80,
FRASERS,3333.00,2993.00,3432.05,4050.70,27615.85,6208.70,9455.25,11531.60,10298.85,8195.75,9565.55,8277.10,6359.05,1252.00,,,,,,,,,,-3661.55,,,,,,,,,,,,,,,,,,,,,,,,,,,,,,,,,,
G.WILLIAMS,1081.10,1131.25,1186.45,853.75,1456.70,837.45,670.95,1165.30,627.75,1170.25,1255.50,933.20,749.75,934.55,1035.60,1176.00,906.00,738.30,866.10,390.45,528.00,1057.20,895.20,716.75,717.00,1213.80,717.00,1027.50,1275.90,779.10,1462.20,972.30,1076.95,829.40,484.35,1467.25,1305.40,765.15,,,,,1362.50,1204.65,1175.05,1389.15,1362.70,1344.05,1222.95,1138.45,1547.05,1214.30,1469.25,1482.10,1147.25,1130.55,1131.80,
GALION,,1706.05,559.05,1289.75,2529.20,2064.45,2502.55,1941.65,2699.85,2240.15,1773.70,829.30,697.20,420.10,1965.45,1668.20,2053.55,2519.30,,,,,,,,,,,,,,,,,,,,,,,,,,,,,,,,,,,,,,,,
GARE,,,196.00,,,,3686.00,5930.75,3017.60,3141.25,3611.40,1515.05,363.60,1982.75,3993.20,,-240.25,96.00,,,,,,,,,,,,,,,,,,,,,,,,,,,,,,,,,,,,,,,,
GASTRO,855.00,920.00,927.50,195.50,,,,,1779.60,,,,,,1257.00,,,,,523.50,1295.30,432.00,,,1080.40,,1363.30,,,,,,2064.80,,,,588.20,,924.90,817.30,,,,,,,,,,,,,,,,,,
GINA,,,,,,,,2814.05,5514.25,4752.90,3981.15,2906.40,2602.40,2914.75,7121.80,2975.55,4352.30,3200.75,1548.35,2013.85,4268.20,5642.70,4916.75,2753.30,4495.70,5540.00,5313.15,4996.25,5585.80,2332.35,1699.30,1945.85,2587.95,4599.25,5004.95,3895.25,3647.20,4882.75,4522.70,4401.50,3655.25,3660.60,2201.65,752.05,3316.90,4397.75,4367.15,2901.40,3901.90,3188.65,3776.80,3035.30,3281.50,2518.20,1618.10,861.05,3570.45,
GOLDEN,,,,,,,,,,,,,,849.30,700.00,700.00,700.00,446.20,,,,792.90,840.00,276.90,206.70,,,,,,,,,,,,,,,,,,,,,,,,,,,,,,,,,
GOLF HOTEL,,,,,,,,,,,,,,,,,,,,,,,,,,,,,,,,,,,,,,,,,,,,,,,,,,,,,,3765.55,5695.05,5013.75,5100.95,
GRADUATE I,,,,,,,,,,,,,,,,,,,,,,,,,,,,,,,,,,,,,,,,,,,,,,,,,,,,,824.00,296.60,543.30,510.10,340.85,
GROTTO 04,,,,,,,,,,,,,,,,,,,,,,,,,,,,,,,,72.00,144.00,144.00,144.00,144.00,144.00,144.00,144.00,144.00,144.00,144.00,144.00,144.00,72.00,144.00,144.00,144.00,72.00,144.00,144.00,144.00,144.00,144.00,144.00,144.00,144.00,
GRYON IMMO,,,,,,,,,,,,,,,,,,,,,,,,3756.00,,1619.90,423.60,,,423.00,629.00,,378.00,,1192.90,7333.60,729.80,1540.00,,,,,5130.45,,,,-238.50,,,,,,,,,,,
H. SEEPARK,,,,,,,,,,,,,,,,,,,,,,,,,,,,,,,,,,,,,,,,,,,2271.35,3967.30,,6461.75,3050.90,2526.45,3830.40,1885.50,2450.90,4264.10,4753.25,5123.20,6097.35,6265.05,5508.15,
HACIENDA,384.65,505.55,1889.95,698.10,1566.10,1720.05,1882.25,2837.80,3727.65,1957.95,3094.60,1402.40,879.80,1491.05,1859.85,3182.95,3047.00,3894.25,2439.70,3469.00,4337.70,2667.40,2895.55,2588.10,1667.95,1938.55,2490.60,1981.25,5251.10,4501.90,4378.55,4966.90,5202.25,4338.05,3877.45,3058.50,2307.95,2184.75,3085.85,3382.25,6253.75,3665.95,-1031.75,,,30000.00,,,,,,,,,,,,
HAUTLAC,,,,,,,,,,,,,,,273.00,216.50,167.50,158.50,154.50,143.00,111.00,181.00,253.00,161.50,348.20,228.20,275.30,258.10,320.75,162.05,283.40,240.30,260.95,182.75,372.50,282.40,347.75,256.90,262.35,400.25,184.85,291.75,296.65,196.90,223.00,322.80,232.75,255.25,154.30,275.25,216.75,278.40,293.70,,,,,
HEINZMANN,,,,,,,,73372.55,,,,,,,,,,,114982.70,217745.15,5970.05,,,,85795.80,31785.55,20468.60,,,,,,,,,,,,,,,,,,,,,,,,,,,,,52781.90,5067.55,
HELVETIA,,,,,,,,,,,,5292.30,4490.05,4299.90,3983.60,419.20,,,1552.85,2137.70,1493.80,1168.70,1313.40,983.10,4127.10,4785.95,4221.55,,,1646.65,1555.70,3025.70,1844.65,842.55,1528.80,2283.10,5461.10,4701.80,2920.30,,440.20,372.90,1665.80,2018.70,1352.15,1179.50,1284.45,1724.05,4210.65,5034.20,3337.65,707.25,1323.20,739.05,1620.40,2268.95,1533.65,
HELVETIE,3.30,,,2634.85,2268.30,7797.75,6849.10,9741.55,9489.65,5272.45,6478.05,7427.95,2751.55,4106.85,6226.50,7343.70,5987.15,9962.75,11774.50,12245.05,8625.95,6988.80,8874.15,10794.15,7281.75,7427.20,8856.45,7961.20,11012.35,15904.70,15080.35,15140.15,12390.70,15115.35,9200.95,11856.70,6788.30,6374.55,6743.25,9545.00,9644.40,10950.85,14602.25,13224.55,13799.45,12422.05,5766.50,16354.95,6846.65,5118.35,7079.00,8128.05,9435.80,10596.85,14281.40,11739.60,10437.30,
HHD BOUVER,,,,,,,,,,,,,,,,,,,,,,,,704.60,310.30,307.80,349.30,1033.00,2280.70,2825.55,1654.60,1792.10,1094.60,829.40,553.90,1154.00,1104.30,517.30,907.60,857.40,2023.90,1339.55,3178.15,2088.55,1192.05,,,601.30,,,,,,,,,,
HHD CHESIE,,,,,,,,,,,,,,,,,,,,,,,5505.30,5113.65,8111.95,14458.55,8852.00,2864.20,2178.70,5396.80,6147.35,6794.15,368.40,3697.55,322.90,6224.90,7721.60,12755.60,11625.25,677.75,9543.45,9585.80,6534.65,7265.40,2301.10,,,401.05,,,,,,,,,,
HHD SIVIEZ,,,,,,,,,,,,,,,,,,,,,,,,3031.50,3309.00,4285.30,4515.60,351.10,,,289.40,737.05,,,,3005.25,4056.00,5570.45,2964.35,245.65,,335.90,908.05,206.65,,,,,,,,,,,,,,
HHD VERBIE,,,,,,,,,,,,,,,,,,,,,,,,5208.35,6404.50,5869.25,8491.35,154.05,920.45,1733.75,3596.20,2231.15,,462.15,2624.30,4146.35,7759.05,6248.75,6844.00,1163.75,398.85,1934.35,4043.30,2269.80,422.35,,,,,,,,,,,,,
HHD ZERMAT,,,,,,,,,,,,,,,,,,,,,,,1603.65,4018.60,2844.50,2529.40,3896.60,1050.00,957.40,8453.05,1434.00,1080.10,1023.30,402.05,636.15,2928.75,2328.65,3542.25,3529.60,1964.55,1276.25,2290.25,1906.80,2325.75,979.65,,,460.00,,,,,,,,,,
HINE AD BE,3143.30,3581.35,4149.75,3201.20,2789.95,4956.05,3859.20,6239.80,6868.00,3020.20,5498.95,3913.05,3224.80,2907.50,5090.30,4532.20,4887.65,5829.30,5616.20,5659.55,5954.60,3652.75,4324.35,3966.95,3774.10,3879.15,6007.60,5281.80,7336.30,9269.00,8038.40,9143.00,7970.75,5843.55,6526.80,4618.30,5299.50,4881.80,5341.45,4934.55,7139.60,6812.25,9326.85,8950.65,,13652.05,5650.85,5439.30,3836.20,3634.05,3939.00,4694.60,5609.80,6590.80,8708.15,8459.20,6101.90,
HINE AD BU,3286.30,2341.65,4506.75,2449.30,2391.65,2860.70,4449.90,5492.60,4287.15,1960.25,1333.65,5665.55,4046.15,2338.55,4109.60,2839.70,3054.05,2422.90,4413.20,5664.50,4265.00,3356.05,2793.65,3232.00,4495.85,3241.65,3963.50,4142.75,3456.65,4881.65,4341.15,9686.70,6099.95,3227.10,1749.20,4355.35,4719.65,3234.55,4489.05,4259.20,4606.75,2298.30,6003.00,8844.35,4407.85,3676.30,1677.60,4485.15,4328.75,624.40,,,,,,,,
HINE AD FR,2822.40,2282.20,1915.70,1301.55,2002.75,2075.00,2233.15,3287.45,3283.20,2396.35,2200.40,1965.10,2453.25,1906.55,2906.00,2696.65,2670.90,3026.80,2191.90,3702.35,3488.05,3156.70,2630.10,2414.30,2978.00,2359.75,4251.55,2713.05,4267.20,4206.85,3616.65,4872.20,4104.35,4734.35,3549.65,3152.20,3338.00,3577.15,3871.70,3737.35,5589.25,3459.20,3804.05,2986.25,2686.90,2905.75,2858.00,2446.30,2993.35,1696.40,1842.05,3217.95,2784.05,3181.95,2822.85,3745.80,3623.45,
HOLIDAY IN,,,471.15,,902.50,2094.70,3258.05,6558.40,8086.95,9175.80,7034.75,8126.75,7003.15,6470.00,5530.45,,7440.00,,,,,,,,,,,,,,,,,,,,,,,,,,,,,,,,,,,,,,,,,
HOME SWISS,877.20,995.10,1326.95,1490.05,1483.55,1833.65,1360.90,2386.95,2774.10,2336.00,3274.70,1236.10,910.00,1866.80,3387.15,1967.15,3960.85,3518.25,2449.35,2111.85,3521.65,3576.30,3416.35,2446.85,1408.35,2759.90,4679.05,3230.20,4334.70,5074.10,2818.60,3491.10,4117.60,4316.35,4193.30,2569.00,2636.00,3103.05,3291.85,4006.25,4851.65,4122.90,2800.50,3104.50,4358.35,4835.30,3989.05,2442.85,3057.85,3058.20,4757.75,3255.35,4584.85,4903.75,2954.85,4229.65,4187.25,
HORLOGERS,404.40,1112.95,1306.55,1662.95,215.80,2013.15,995.55,2097.00,2696.65,2103.35,1757.65,1767.40,1043.10,1616.90,1704.85,1598.25,2694.45,2455.15,1625.90,926.95,3342.70,3795.20,2249.30,1879.55,1668.60,2056.05,2763.70,2547.30,3006.70,2693.75,2643.55,2873.25,2302.95,3176.90,2111.70,3637.80,632.30,1413.75,1516.20,1909.75,978.65,2008.50,2161.15,1673.00,1523.50,1671.25,882.40,912.10,883.55,1236.60,1182.45,1125.40,1413.65,1340.30,1779.55,936.30,993.35,
HOT LAVAUX,3508.55,6754.40,7228.65,9911.85,7639.20,8883.95,9430.50,11497.65,9994.90,7927.35,5411.95,4958.10,2428.30,4698.50,8151.05,6471.95,8847.15,12716.20,8035.75,,,,,,,,,,,,,,,,,,,,,,,,,,,,,,,,,,,,,,,
HÔT.EDIROL,,,,,,,,,,,,,,,,,,,,,,,,,,,,,,1828.55,2287.20,3520.65,3191.35,2104.95,2016.40,1511.45,881.25,1628.75,1554.20,1234.00,2606.65,2103.50,3762.35,2800.65,2219.35,2425.95,1375.80,922.00,1483.40,1070.20,1236.45,1471.10,1760.05,2705.40,2796.55,2069.90,2197.55,
HOTEL ALPE,489.95,1419.50,1289.35,2023.20,2662.40,3232.25,3280.00,5273.35,4522.80,5050.95,4237.80,3411.85,2127.50,2769.05,4074.55,4288.65,4591.75,6185.65,6037.95,8030.80,5698.70,5963.15,4808.10,1232.70,3553.90,2859.10,4189.00,3766.30,3339.85,4900.75,5216.80,5880.15,4638.80,4023.90,3313.80,3628.90,2892.95,2997.60,3358.60,3654.25,4803.60,3435.45,5855.70,5769.15,3866.10,4242.40,4648.65,3971.70,3385.00,3546.85,2525.85,4463.65,4510.60,4028.50,4714.60,5195.55,3462.35,
HOTEL PORT,,,,,,,,,,,,,,,,,,,,,,,,,,,,,,,,2544.75,1978.65,1864.85,1767.60,1550.00,998.20,1691.20,1278.20,1657.05,2062.20,2248.65,2754.15,2710.80,2646.35,1766.00,1146.10,1654.10,1040.70,1090.75,1357.15,1207.95,2127.75,2591.05,3359.60,3044.25,2596.90,
HOTEL REX,380.35,750.85,568.95,328.85,559.75,589.45,519.10,842.95,332.75,367.40,547.85,418.15,551.85,548.85,560.75,759.05,619.25,584.50,569.60,923.50,580.30,557.35,724.65,909.90,567.10,730.60,909.55,718.45,564.30,649.20,633.75,640.10,529.10,792.95,885.15,911.20,653.50,856.00,695.75,850.70,710.35,918.00,890.35,730.60,760.10,759.00,935.25,1059.50,536.00,729.45,640.30,684.00,881.45,557.05,1091.00,896.20,363.00,
HÔTELELITE,,,,,,,,,,,,,,,,,,,,,,,,,,,,,,,,,,,,,,,,6439.15,5762.05,5045.00,5932.10,4390.80,5544.95,5652.85,4626.35,4838.65,3274.65,4140.55,5068.75,4823.20,5965.90,5388.15,6070.80,4667.75,5660.15,
HOTELVILLE,,,,,,,,,,,,,,,,,,,,,187.00,187.00,187.00,187.00,93.50,187.00,187.00,187.00,187.00,93.50,187.00,93.50,187.00,,187.00,,,,,,,,,,,,,,,,,,,,,,,
INSTANT PR,,,,,,,,,,,,,,,,,,,,,,,,,,,,,,,,,,,,,,,,,,,,,,,,643.15,518.90,576.05,632.40,502.90,673.45,413.75,498.70,502.40,566.10,
INTERCITYH,,,,,,,,,,,,,,,,,,,,,,,,,,,,,,,,0.00,0.00,3977.50,6178.05,9810.60,5251.60,6295.20,7965.20,12052.45,12208.50,20599.65,17073.80,14292.10,21500.40,19246.05,11233.85,15093.95,12168.80,17582.45,19567.05,23605.55,25451.60,24141.95,33884.80,21869.35,27132.20,
INVENTIONS,0.00,,,,,,,,,,,,,,,,,,,,,,,,,,,,,,,,,,,,,,,,,,,,,,,,,,,,,,,,,
JETTY BOUT,,,,,,,,,,,,,,,,,,,,,,,,,,,,,,1078.75,1017.55,1899.15,1934.80,1816.90,1715.25,908.15,,1483.10,1389.05,2474.65,3184.10,3195.95,3189.00,3492.20,3272.35,2942.45,1937.30,1796.00,,227.55,4011.70,6231.00,6445.50,5514.25,7339.60,6093.40,5964.95,
JH CHEF EV,,,,,,,,,,,,,,,,,,,,,,,,,,,,,,3066.50,5325.75,6795.15,3149.95,-512.25,,,,,,,,1154.60,2978.25,3706.75,2886.90,466.75,-959.05,,,,,,,335.00,5521.25,4738.25,3871.25,
KASHMIR,,,,,,294.00,426.20,465.00,437.00,351.00,426.00,422.70,402.20,481.00,480.70,422.00,461.50,472.40,388.80,371.20,356.90,435.80,329.80,293.30,433.10,379.90,383.40,377.40,396.60,374.00,435.20,440.20,419.60,482.80,315.50,514.30,462.10,415.40,414.60,483.10,375.30,375.70,372.20,296.90,372.30,316.30,,,,,,,,,,,,
LA CIGOGNE,,-5423.85,,,,,,,,,,,,,,,,,,,,,,,,,,,,,,,,,,,,,,,,,,,,,,,,,,,,,,,,
LA ROSE,1491.45,883.55,4439.60,3252.80,6601.00,5752.45,6396.75,8139.15,7078.30,4419.80,1489.90,-120.00,,,,,,,,,,,,,,,,,,,,,,,,,,,,,,,,,,,,,,,,,,,,,,
LA SAUGE,,,1516.30,2029.95,3217.50,1965.65,3659.05,2180.50,2185.30,576.30,,,,,,,,,,,,,,,,,,,,,,,,,,,,,,,,,,,,,,,,,,,,,,,,
LA SOURCE,979.30,1163.75,1823.35,4536.05,3717.70,3504.65,5168.90,5124.20,5173.90,2576.00,3331.35,644.95,1105.00,1775.05,2079.30,4089.00,3777.70,5412.60,5042.00,4147.25,4297.90,3336.90,2920.80,319.30,2624.95,1886.75,2720.80,3723.25,4257.15,4771.95,4433.00,4707.70,4701.60,5001.60,2860.35,1239.10,1314.75,1792.65,2927.20,2697.40,4085.35,5368.15,4641.65,3604.85,4312.55,4910.50,3320.10,2045.80,1608.45,2698.60,2859.20,2714.45,4547.55,5021.60,3550.75,4459.15,7485.05,
LAC BRETAY,587.85,832.50,485.35,135.25,,,,,,,,1094.20,761.85,1643.40,809.40,,,,,,,1105.80,,50.00,554.95,1125.30,326.15,,,,,,,563.75,,898.90,755.60,1183.45,1309.60,,,,,,,,,,605.70,824.60,526.70,,,,132.00,,,
L'ACCENT,,,,,,,,,,,,,,,,,,,,,,,,,,,,,,,,,,,,,,,,350.45,373.20,268.55,289.55,243.00,245.10,332.95,241.60,273.45,206.60,-1297.60,,,,,,,,
L'ATELIER,444.35,715.60,949.75,322.25,275.05,586.80,438.40,635.65,726.55,357.20,431.15,726.15,732.75,619.10,576.90,339.90,541.95,260.60,657.90,473.90,493.75,355.10,378.80,582.70,770.40,819.30,,688.80,,,530.00,530.35,330.30,263.85,337.60,576.90,785.30,758.55,339.50,483.10,,,864.45,520.35,324.00,582.25,347.85,760.95,605.45,608.20,551.30,,,297.70,686.10,362.30,317.65,
LE CEDRE,1057.30,1742.40,1496.50,1282.75,2380.65,2703.20,3169.90,3443.75,3846.20,3606.80,2223.55,1828.30,1982.30,2554.40,3586.45,2397.45,3716.60,3020.70,3348.20,3671.70,4381.50,2868.00,2774.20,2281.10,3543.00,3193.15,4166.95,2474.20,4602.35,5025.95,4233.00,4753.85,7213.15,2857.50,2906.75,1826.70,3601.35,3501.95,3183.35,3077.80,2856.10,3900.60,4026.75,2444.05,3911.85,3736.10,2477.10,2179.10,2635.40,2675.40,2791.75,2183.45,3119.85,3173.50,3849.05,3568.15,3527.50,
LE PETOU,503.00,455.50,,933.20,827.75,,242.50,460.00,622.25,,607.00,,470.00,710.00,742.50,,,,500.00,772.50,,,,,,762.15,,,,1108.00,,,,,,3629.85,1273.90,,,,,,,,,,,,,,,,,,,,,
LE WHITE,,,,,,,,,,,,,,,,,,,,,,,,,,,,,,,,,,,,,,,,,,,,,,,2875.35,1733.70,3373.30,4531.15,3071.50,2641.30,2088.40,3403.20,4456.60,5738.25,3510.80,
LECHAMOIS,,,,,,,,,,,,,,4700.15,4501.90,,765.45,4257.80,3467.85,4205.45,3140.10,1719.55,957.50,727.90,3263.15,706.80,-1427.75,,,,-93.00,,,,,,,,,,,,,,,,,,,,,,,,,,,
L'ECU,240.75,,,,,833.65,1219.50,577.95,1063.15,1114.70,1261.55,614.20,1096.25,982.15,1489.80,463.80,1116.20,652.00,471.30,573.55,852.75,1343.90,1519.85,910.00,,,,,,,,,,,,,,,,,,,,,,,,,,,,,,,,,,
LEPICENTRE,,,,,,,,,,,,,,,,,,,,,,,,,,,,,,,,,,,,,,,,,,,,,,,,,,,,,,,,607.15,635.00,
LES NOIRET,,1045.05,646.85,,,655.40,,399.00,1544.70,,704.80,863.55,929.80,1800.55,909.65,596.10,,,,,,,,,,,,,,,,,,,,,,,,,,,,,,,,,,,,,,,,,,
LESMAZOTS,4210.30,4481.95,5095.90,3137.45,5022.05,3182.70,4436.30,4679.70,2347.20,4056.15,2080.50,4638.50,3483.15,3804.30,4250.80,1352.15,3555.40,3207.60,2690.30,4566.05,2990.00,3349.05,2552.35,2990.45,4771.95,4293.30,3338.75,,3432.40,2817.30,3339.45,2524.60,3211.30,3168.25,2465.90,3659.75,3704.90,3875.20,2868.60,943.15,,3632.75,4170.35,1874.00,1662.40,3175.30,2733.00,3465.15,4446.65,2429.35,0.00,,,,,,,
LONGERAIE,,,,,,,,,,,,,,,,,,,,,,,,,,,,,,,,,,,,,5599.00,3600.40,3871.80,4038.25,5531.70,4211.80,4585.95,2802.05,5118.85,4802.70,3698.35,2332.15,2394.90,3042.80,4218.10,4733.70,7130.90,7844.70,6550.95,5478.85,7064.85,
LS FLON,,153.00,,,,,,,,,,,,,,,,,,,,,,,,,,,,,,,,,,,,,,,,,,,,,,,,,,,,,,,,
LS TERREAU,,282.60,,,,,,405.80,162.70,313.45,212.10,140.00,442.50,,,,,,512.30,,,410.30,,536.20,,,243.25,,,,419.75,197.95,,215.80,,,,,,,,,,,,,,,,,,,,,,,,
MANOIR,,,,,,380.00,,,,,,,,,,,,,,,,,,,,,,,,,,,,,,,,,,,,,,,,,,,,,,,,,,,,
MIRABEAU,3024.85,2020.60,3224.65,6121.45,7938.50,9375.05,11240.85,13348.65,14708.75,12570.50,13884.55,9357.55,5643.00,7199.75,11057.30,10821.60,17039.70,18590.90,15531.25,15829.85,17158.05,16620.20,16344.85,15673.75,12493.05,12786.15,14346.50,13885.95,18258.60,16265.60,17924.50,14811.60,16351.50,18260.30,18799.70,17916.15,13041.55,14075.80,14978.70,15910.30,18524.25,16464.10,18901.35,13544.80,17750.15,18227.90,14942.70,17489.30,11845.05,12718.00,14267.15,15312.55,17763.40,17528.85,17940.15,14151.35,20074.05,
MIRADOR,24168.10,13185.40,17410.15,18252.15,14919.35,15962.00,16054.40,18333.70,16454.10,12354.60,11988.15,10415.45,6638.30,11170.45,13967.45,12441.60,15285.30,13473.55,,,,,,,,,,,,,,,,,,,,,,,,,,,,,,,,,,,,,,,,
MIRADOR SP,3922.70,4367.90,6671.60,6180.65,5888.65,6957.25,8010.50,8901.55,7556.00,5975.65,6919.95,5298.05,4121.30,4511.05,5897.35,5128.80,5704.35,4882.95,,,,,,,,,,,,,,,,,,,,,,,,,,,,,,,,,,,,,,,,
MIRARGENTI,,,,,,,,,,,,,,,,,,,,,,,1132.00,381.85,1293.50,1510.95,1278.75,,787.00,1280.45,2359.40,3204.95,2737.50,3236.95,973.50,914.85,2842.15,2271.15,1674.50,523.20,2012.10,2573.00,3402.55,3273.90,2796.10,3003.00,1332.80,943.95,2659.05,2405.20,1695.55,,1952.25,2792.90,3526.25,3699.40,2299.50,
MONT-ROUGE,,,,,,,,,,,,,,,,,,,,,,,,,,,,,,,,,,,,,,,,,,,1348.00,615.30,535.45,1675.15,1028.10,913.05,624.90,587.40,587.85,225.90,385.90,164.65,260.65,,,
MOUNTAIN C,,,,,,,,,,,,,,,,,,,,,,,,,,,,,,,,,,,,,,,,,,,,1935.90,1110.80,2031.30,,663.40,3177.80,3130.20,2606.60,2267.90,1303.10,2340.00,2056.50,2074.10,2205.30,
MOXY,,,,,10500.00,,,10500.00,8352.40,14844.25,10248.80,8194.75,9182.50,8212.75,13101.75,10722.80,13602.40,16219.25,17677.80,19297.35,18560.00,13424.85,13908.15,11747.20,15778.70,16074.95,16464.00,13344.90,25173.40,21965.00,23862.15,26145.45,24535.40,24448.55,17424.10,15977.05,17205.65,18319.00,18660.80,21488.05,24283.80,23980.25,26343.15,26605.80,24478.45,25679.40,19683.80,21298.25,20891.25,23535.10,20521.35,22156.25,21001.95,21302.60,23890.25,18057.10,,
MP FUNKY C,,,59.00,6.60,118.00,59.00,78.80,59.00,489.05,364.85,589.80,353.25,139.50,64.90,255.85,326.65,298.40,302.85,326.30,23.00,155.50,160.90,121.10,394.30,249.35,333.15,350.35,322.65,424.40,365.25,629.30,221.70,425.30,391.05,282.65,442.00,557.55,343.00,327.60,656.70,545.15,643.00,697.75,292.75,678.00,490.40,308.00,345.05,185.00,74.60,74.60,74.60,277.25,410.20,1401.90,159.70,552.40,
MP HOTEL,718.25,845.90,1498.60,10779.05,27024.00,27868.15,50706.25,59810.35,56314.05,57484.85,48924.05,46793.70,23409.60,26155.35,49174.90,45215.05,58257.00,67109.55,79694.75,75802.55,65949.80,45942.90,49786.90,54075.20,36687.25,30934.00,33457.10,30994.00,64618.90,67736.55,65444.05,64234.40,57716.15,37749.30,29037.45,37986.10,37355.75,25279.55,25352.00,45140.50,71393.85,65794.60,74862.00,68566.20,61749.85,41922.35,35228.70,36177.95,33645.55,30066.35,25918.45,39696.75,52679.05,63983.45,75443.00,66625.15,61299.55,
MP MJC,,,,40.80,,,452.60,52.10,652.95,733.50,967.65,643.85,488.95,496.75,634.35,434.30,667.95,407.55,799.25,671.00,592.45,540.55,660.05,744.00,432.90,571.20,551.85,429.70,583.95,617.25,440.70,930.80,729.30,739.60,662.05,964.75,704.25,542.55,499.45,852.35,715.55,628.30,1644.65,1322.40,1430.25,1375.20,776.15,1839.45,1674.10,1322.85,1193.15,1535.70,1558.20,1749.05,2378.85,1677.45,1251.05,
MP MP'S190,,,,,,188.75,148.70,,,212.45,,175.45,167.80,48.95,143.55,114.10,55.10,142.35,,,,158.70,280.90,334.95,455.70,107.80,213.75,189.00,79.30,271.65,817.65,698.55,434.95,,,,,,,,,,,,,,,,114.05,,,,,,,,,
MP PALMERA,,,,190.90,988.65,1239.55,1206.55,1381.15,1649.40,1531.85,1345.35,1671.95,598.30,638.90,1296.95,1167.50,1474.20,1387.70,3068.30,3014.90,2059.75,2173.65,1780.55,2067.95,1102.35,1521.35,1217.00,1393.40,1834.85,2231.35,2537.05,2511.85,2491.55,2466.45,1572.70,1950.30,2196.30,854.35,978.95,2429.00,1963.80,2238.55,4203.70,2811.10,2657.80,2243.65,1813.65,2313.50,1944.05,1955.90,1331.35,2287.80,2747.15,2532.20,4080.55,3394.90,2988.95,
MP PTPALAI,,,,106.10,1277.95,3085.35,3388.30,3769.65,97.15,555.80,351.15,1466.55,1194.90,1129.25,2289.65,1331.65,2475.60,2485.60,3757.35,3680.55,1732.60,1238.60,748.75,1370.10,792.00,945.65,853.95,1015.75,1459.75,2825.30,4966.60,4150.55,734.25,,,,,,,,205.45,976.50,4058.90,2944.85,470.05,51.70,,,,,,,,3363.85,4856.50,2827.50,438.75,
MP ROOM SE,,,,408.20,1052.80,814.95,1481.10,1383.60,1480.45,862.75,1291.55,1114.50,854.85,1009.15,822.65,985.90,1078.80,1452.55,2343.95,2448.50,1513.45,1270.05,1427.65,1793.30,1276.25,1486.60,1131.40,761.45,1594.35,1603.70,2279.05,2352.85,1669.75,984.05,1166.45,1204.45,1111.40,771.70,806.75,1441.70,956.85,883.15,2736.70,2100.75,1494.15,1244.45,1010.15,1167.60,1184.05,1067.70,701.95,1111.10,1890.15,1742.80,3262.90,2946.00,1921.80,
MP TOURNES,,,,,,643.70,937.65,316.55,382.65,339.00,323.95,488.55,383.80,219.35,513.80,375.65,300.25,740.80,609.25,679.15,502.15,610.00,414.10,713.55,582.10,654.60,677.35,431.95,731.20,957.95,802.25,817.65,866.65,948.25,200.50,505.45,580.55,442.55,465.95,672.55,881.35,593.05,853.80,1087.70,580.90,743.55,241.70,501.45,927.00,317.40,373.95,765.95,1048.65,998.15,1010.50,1279.70,1133.30,
MP WILLOW,,,24.50,,9742.75,20210.95,27430.40,30219.50,24958.65,21485.25,21311.30,19751.95,14685.05,17501.20,23793.40,21730.70,27277.10,24808.35,31350.85,29505.45,20303.60,18125.55,19194.40,20943.35,20207.45,18205.55,20800.20,19507.25,25976.20,25319.30,25875.80,30717.00,22868.35,19337.10,21666.40,17610.40,24477.85,19730.40,17518.95,22861.70,24287.75,21194.45,31180.10,29361.40,22617.25,20585.15,20074.40,19043.65,26360.95,17038.75,21489.45,22315.60,30105.75,30423.45,32779.65,30203.30,24891.30,
NATIONAL,,,,,,3909.75,6608.95,6789.50,4892.65,6392.95,5942.15,4892.15,3963.00,3888.55,4296.10,4198.60,2964.05,3031.55,3756.85,4555.10,3560.90,2529.95,1664.55,3625.20,3756.40,4048.90,4385.80,2436.15,1840.30,3058.65,3229.70,4431.90,2878.40,2886.55,2428.50,2655.05,4611.80,4155.60,3428.95,1513.40,3394.85,3197.65,3820.30,4560.00,3242.20,3562.80,2060.95,2650.80,4099.55,4263.90,3364.50,2558.90,1816.55,3585.70,4098.85,4312.25,2969.45,
NOVA VITA,1269.70,1681.05,1787.70,1470.50,1503.45,1725.35,2418.75,1742.35,1870.30,1606.25,2139.70,2137.05,1681.70,1246.60,2067.80,2227.30,1574.70,1924.25,2144.45,2071.50,1944.25,1788.40,497.45,,,,,,,,,,,,,,,,,,,,,,,,,,,,,,,,,,,
OUCHY,,,,,333.50,2174.95,2278.85,1759.50,2692.20,1982.95,3319.45,1984.95,1905.25,2230.25,2543.05,1953.50,1848.70,2346.45,1468.55,1729.00,2664.20,2953.95,2256.80,1851.65,1967.90,2518.00,2633.95,1673.45,2598.90,1760.50,1330.55,1610.10,2024.15,2648.50,2753.10,2066.80,2107.20,2679.25,2319.30,2069.45,2545.75,2252.85,1910.25,1677.10,2256.45,3055.30,2744.85,1837.50,2445.60,2329.85,,2490.55,,,,,,
PALLADIUM,1250.75,3032.15,2146.60,1489.90,1059.85,1267.10,3589.70,4245.25,2597.00,1523.65,824.00,2473.50,2884.40,3007.15,2804.15,1380.00,642.70,2991.75,2984.95,3773.15,1820.55,1891.10,1494.65,1980.00,3414.95,3185.50,4847.70,918.75,,2604.95,2565.90,3799.05,2334.55,2307.90,1505.05,2330.95,3381.45,4475.90,2407.90,584.00,1617.30,1706.20,3302.00,3695.60,2464.75,2234.75,1325.15,2007.80,4653.70,4455.80,2841.10,1965.55,,2896.75,3810.55,3303.45,3627.25,
PARC & LAC,2237.00,2715.00,3370.85,5162.20,5151.10,6536.45,5611.90,6674.30,6883.10,4818.40,7328.80,5804.90,3772.55,3398.40,4881.80,4565.55,6512.20,6457.85,6593.90,6169.75,5867.40,5455.35,4342.55,6188.95,5027.85,3967.60,5010.45,5957.05,10059.00,7367.30,8167.35,7190.65,7197.45,5321.95,5917.75,6481.30,4382.80,3850.55,3487.10,4876.45,6585.95,6469.65,8288.55,7307.95,6184.20,5733.70,3100.65,8598.70,5835.40,5227.60,4991.55,6573.00,7276.10,7650.30,8628.10,7962.20,7725.80,
PARENTHÈSE,,,,,,,,,,,,,,,,,,,,,,,,,,,,,,,,,,,,,,,,,,,,,,,,,,,,,,790.05,470.70,565.60,250.00,
PAUDEZE,-35.45,92.00,321.35,405.35,595.00,705.10,463.50,436.00,564.55,489.05,161.10,241.00,457.70,465.80,468.25,419.00,323.40,791.25,1138.30,338.00,816.50,307.00,454.00,249.00,512.20,335.10,278.20,338.00,500.50,,334.10,969.20,364.40,811.55,,,157.60,250.50,,347.45,425.05,484.95,737.45,550.90,295.75,429.65,299.75,257.50,368.00,111.10,133.55,355.20,,,,,,
PCI AIGLE,,,246.20,,,,,,,172.25,,,,,254.05,,215.70,,111.95,,296.40,,,,,191.60,,,162.05,,296.40,,,280.45,282.45,126.55,,528.30,,,322.35,,171.60,,,167.00,,369.95,,,339.65,394.40,172.70,,135.10,,64.05,
PHILOSOPHE,,,,,,,,,,,,,,,,,,,,,,,,,,,,,,,,,,,,,547.00,510.75,779.00,599.80,529.90,,,,,,,,,,,,,,,,,
PHOENIX HO,670.45,622.60,721.95,456.90,676.05,641.00,770.95,652.85,754.55,734.45,648.10,912.65,677.55,771.45,794.75,773.55,725.25,966.00,799.30,687.65,946.60,771.10,784.60,774.20,867.60,896.85,985.60,830.60,1032.25,1563.05,823.20,996.80,798.40,853.90,1083.90,944.65,684.20,868.30,825.90,752.25,1024.70,800.25,752.95,978.65,812.10,1014.15,842.95,1129.35,746.50,810.25,888.90,808.85,992.20,826.10,1007.50,817.65,781.80,
PORTGITANA,,,,,,,,,,,,,,,,,,,,,,,,,,,,,,,,,,,,,,,,,,,,,,,,,,,,,,1449.65,3982.95,4828.50,5597.75,
PREALPINA,370.10,3196.00,6558.65,8709.15,8673.85,11238.55,9540.75,10323.35,11174.10,8569.80,649.60,,,,,,,,,,,,,,,,,,,,,,,,,,,,,,,,,,,,,,,,,,,,,,,
PRO JUNIOR,,,,,,,,,,,,,,,,,,,,,,,,,,,,,,,,,,,,,,,,,,,1540.00,,,,,,,,,,,,,,,
PROMENADE,,,,,,,,,,,,,,,,,,,,,,,,,,,,,,,,1600.30,1532.30,1019.15,1114.15,833.25,1179.35,1098.50,837.55,992.80,1493.70,690.65,2333.70,,,,,,,-546.50,,,,,,,,
PROVIDENCE,4340.90,3640.50,5732.15,5639.25,5563.80,4882.60,5270.70,5615.90,5857.50,5489.55,5506.85,5343.60,5120.95,4124.80,8498.90,2969.20,5923.10,4856.35,5946.10,5775.00,6176.75,5716.70,5602.80,6590.95,6732.35,5602.20,8136.80,6523.10,6894.60,7209.75,6428.95,7430.00,7400.30,6930.25,5419.10,6437.75,6171.05,5820.15,6899.15,6565.80,7147.00,6100.60,7517.50,7366.75,6360.40,8419.50,7272.30,6648.40,7177.25,6505.95,6270.80,6976.00,7993.10,6119.05,7905.85,7196.65,6448.80,
QAVJAR,,,,,,,,,,,,,,,,,,,,,,,,,,,,,,,,,,,,,,,,,,,,,,,,564.70,355.90,388.80,157.35,,,,,,,
RAMADA ENC,,,,,,,254.85,,,,,,,,,,,,,,,,,,,,,,,,,,,,,,,,,,,,,,,,,,,,,,,,,,,
RAVOIRE,,,,,,,,,,,,,,,,,1888.10,2387.00,,,925.50,,530.50,,,,,,553.00,,,,1408.60,,,475.20,,,,,1399.50,,,,,,,,,,,,1328.40,1241.50,,,2150.00,
REDMOUNTAI,,,,,,,,,,,,,,,,,,,,,,,,,,,,,,,,,,,,,,,,,,,,,,,,,,,,,2787.05,1483.70,2446.20,3597.00,2505.50,
RELAIS DOR,,,,,,,,,,,,,,,,,,,,,,,,,,,,1695.05,1967.00,2962.10,2237.60,1954.70,1647.05,1511.00,1216.85,2266.85,3189.65,2966.90,1605.65,2169.05,6479.00,7569.50,9621.20,8596.85,7678.10,9669.65,4961.15,6293.00,5398.70,6803.00,11404.95,9289.85,12326.70,11655.80,16474.75,14743.60,14858.75,
REMPARTS,687.80,1364.20,2637.40,3534.65,3929.90,5979.50,5764.20,8282.90,7469.95,7203.80,7112.00,2980.05,3201.50,4265.30,4752.30,4763.30,6351.30,6872.35,9124.95,4211.60,8081.10,6309.20,7648.20,6211.35,4099.45,5381.95,6330.90,4754.05,7148.15,8461.85,6309.55,6427.05,7943.50,5569.85,7172.55,525.25,,,,,,,,,,,,,,,,,,,,,,
RENDEZ-VS,,,,,,,,,,,,,,,,,,,,,,,,,,,,,,,,,,,,,,,,,,,,,,,,,,,,,,,2600.50,1021.20,1460.00,
RES LOMBAR,,1028.35,349.30,631.40,511.70,312.45,329.45,375.55,809.30,,752.70,,680.75,556.95,441.35,363.65,383.55,717.10,321.05,662.15,374.20,741.60,576.35,503.75,347.85,607.05,487.05,689.20,459.90,660.90,473.05,799.65,511.05,407.00,681.00,694.65,261.45,743.85,246.75,800.95,490.95,340.85,737.55,390.95,532.85,588.50,682.75,144.00,838.90,225.85,630.40,397.80,611.70,875.40,569.65,831.15,1087.35,
ROUSSEAU,1132.45,686.55,1763.25,154.80,2477.00,2397.15,1216.05,3211.90,5157.15,1431.70,3582.90,3198.35,3288.50,2845.15,3631.05,3669.55,4069.85,4837.95,5073.15,4088.90,4936.55,4201.70,5018.45,4997.50,3211.10,3809.90,6434.40,4037.50,6353.00,5199.90,5533.20,6453.30,5302.80,5865.20,6009.50,5527.70,5149.90,5567.10,5372.35,5710.05,7374.70,4165.40,5624.85,6555.75,6541.00,6530.05,5539.40,7003.00,6128.90,5542.65,6054.10,6209.40,6547.30,6462.20,7420.25,6450.60,7153.05,
ROYAL PLAZ,5301.15,,2142.05,28543.80,28610.35,22431.10,24380.55,34009.70,27315.05,22390.15,23361.20,24782.20,15010.10,17065.75,23412.15,20482.45,,,,,,,,,,,,,,,,,,,,,,,,,,,,,,,,,,,,,,,,,,
SAGITTA,2208.60,1204.80,1449.25,1688.65,1567.55,2391.35,2983.20,4226.55,3402.25,2459.40,2757.50,2508.80,2355.10,2408.55,3268.35,3220.35,4215.65,4465.95,4359.85,4203.90,4484.90,4219.65,3126.55,3239.10,3094.35,2949.60,3720.20,3421.05,5630.95,6043.40,5971.90,4867.85,4506.65,4616.10,4304.25,4891.20,3474.20,4214.30,4446.10,4956.05,6204.40,6394.15,6368.75,7243.30,6653.40,5910.55,3807.50,6308.70,4672.20,4547.60,5420.45,5053.80,6762.55,6869.30,8358.35,5818.70,7650.10,
SAN MARCO,,,309.40,,194.45,377.30,511.05,640.50,577.30,654.50,1153.70,765.30,989.30,1332.80,1068.60,794.45,923.05,597.75,635.60,646.30,1162.55,1196.25,1308.45,1152.50,1153.95,1399.85,1368.80,603.90,1364.35,587.80,520.90,616.35,774.60,1607.30,1507.95,1603.60,733.05,1495.45,449.80,,,,,,,,,,,,,,,,,,,
SAVOIE,428.40,964.20,734.00,1958.10,1370.70,2124.20,1862.30,1817.60,2001.10,1622.30,1016.20,662.20,460.60,740.45,1106.95,1857.25,1930.75,2392.20,2331.10,1554.95,2437.65,1955.70,1076.30,891.55,1002.90,1259.90,2524.25,649.10,1951.25,2574.55,1938.20,975.65,2670.25,2188.65,1704.30,839.45,1062.25,1283.30,1225.70,1526.35,1716.20,1608.10,1871.90,1210.20,2057.85,1099.30,513.55,,,,,,,,,,,
SAVOIRFAIR,317.70,593.40,1556.50,2246.25,3090.75,3613.50,2513.20,3678.50,3147.10,1798.55,1836.90,730.00,1370.80,396.00,2500.00,2500.00,2500.00,2642.50,2500.00,2151.20,2680.75,1958.15,1563.95,1305.30,1394.25,4800.45,3605.75,2500.00,2500.00,2500.00,2500.00,2500.00,2500.00,2500.00,2500.00,2500.00,2500.00,2500.00,1394.25,2500.00,2735.05,2500.00,2964.20,2500.00,2605.00,2500.00,2500.00,2500.00,2500.00,2500.00,2500.00,2500.00,2500.00,2692.40,2500.00,2505.85,,
SIEBER,0.00,5310.00,8416.50,8954.00,590.00,2950.00,,,,,,,,,,,,,,,,,,,,,,,,,,,,,,,,,,,,,,,,,,,,,,,,,,,,
SOURCES,,,4407.80,416.40,908.90,1654.65,3281.20,2736.45,2287.50,1794.50,1167.50,3098.25,4374.75,3246.30,5233.60,1398.65,1306.65,2211.60,3172.95,4551.15,3002.75,1403.95,1191.70,3326.00,5381.10,3813.90,3852.75,1131.30,2849.90,3542.90,4085.75,3810.95,3990.35,3280.50,2039.05,3807.10,6356.90,5076.35,4026.65,2181.00,2095.30,2824.55,3416.70,5286.35,2869.50,3700.35,1622.35,4017.00,5911.95,5777.85,4722.20,3839.95,2004.25,3135.85,3588.40,4394.50,,
SP.FIGURES,,,,,,,,,,,,,,,,,,,,,,,,,,,,,,,,,,,,1219.00,1177.50,1573.40,743.00,994.90,,329.00,799.70,712.50,445.00,579.70,172.90,,2105.60,1634.20,943.50,1310.90,,429.65,740.95,329.65,679.95,
STAFF VICT,,,,,,,,,,,,,,,,,,,,,,,,,,,,,,,,,,,,,,,,,,,,,,,,,,2310.30,446.60,459.40,138.15,566.50,948.50,572.95,658.95,
STAMOURCRA,,,,,,,,,,,,,,,,,,,,,,,,,,,,,,,,,,,,,,,,,,,,,,,,4926.30,3892.05,4253.75,2351.95,897.95,,,2245.85,1511.15,,
STAMOURGST,,,,,,,,,,,,,,,,,,,,,,,,,,,,,,,,,,,,,,,,,,,,,,,,3089.50,3831.65,3988.35,2946.75,,,,,,,
ST-GERVAIS,1200.50,1239.85,1276.85,1374.30,1433.80,1100.80,2963.85,1016.45,2591.15,1877.80,2585.65,2207.95,2244.45,2122.80,3021.40,2142.85,3000.90,2819.70,3121.65,1961.25,2518.65,3173.65,2086.20,1613.15,1721.90,1607.90,3345.25,2086.50,3684.30,3280.90,4145.35,3017.70,2723.50,3146.15,2733.70,1721.70,2029.80,1653.90,2786.40,2428.50,3668.70,2791.90,2986.20,2504.70,2777.60,3198.10,2217.40,2032.40,1800.30,2542.20,2395.40,2638.10,2853.30,3361.70,3009.10,2462.20,2874.00,
SWISS TECH,629.50,2827.60,2602.05,4431.75,4310.05,6187.15,6088.10,7223.15,8051.85,6744.90,7750.30,3532.25,3933.10,4104.00,6007.60,5495.95,8387.55,8952.30,7412.15,6892.50,8877.15,8523.80,8891.70,5320.40,4558.45,6638.60,6345.45,6293.05,10471.95,9959.85,10072.30,9644.00,9356.15,10266.55,8293.05,5375.55,1309.00,,,,,,,,,,,,,,,,,,,,,
TONI KÜPFE,,,,,,,,,,,,,242.50,362.90,381.00,289.00,235.50,282.90,211.00,204.30,152.00,226.40,313.30,208.00,,,,,,,,,,,,,,,,,,,,,,,,,,,,,,,,,,
TORGONALPI,,,,,,,,,,,,,,,,,,,,,,,,,,,,,,,,,,,,,943.50,1354.65,1545.85,,,,931.50,,766.55,564.35,1094.20,,1235.50,2631.20,3019.70,2311.70,793.50,2297.15,1428.85,1561.40,801.20,
TORRE,,,,,253.00,189.40,278.00,250.80,288.00,291.40,419.05,197.50,311.35,400.00,320.20,271.90,181.20,266.95,181.40,,562.10,321.30,271.50,266.40,441.30,325.80,425.90,310.60,323.50,421.00,323.50,210.30,320.00,416.80,278.20,322.30,414.50,357.80,307.40,259.30,301.30,243.00,264.00,,,,,,194.00,,,,,,,,,
TOURELLES,,386.70,955.00,1056.50,1473.60,1960.95,1655.80,1767.15,3651.10,2151.75,3239.60,2955.05,2800.60,3094.85,3558.90,3222.35,3244.55,3636.65,3533.10,3037.40,3492.35,3499.85,2534.90,3093.55,2894.90,3052.60,4114.90,3455.30,3925.90,4470.50,4489.70,4739.10,4180.50,4516.30,4544.30,2715.00,2783.00,4270.35,3749.10,4307.70,4788.40,3597.90,5207.35,4524.60,4789.25,4549.95,3726.10,2798.60,3761.60,3471.50,3430.35,3798.45,4012.15,4311.10,4602.25,4060.90,4240.55,
TOURING LA,966.90,890.90,2834.10,2980.40,3650.10,5044.25,5170.25,6128.85,5776.55,2990.45,2893.40,1914.95,985.90,1530.20,1926.15,2975.50,6080.25,7074.80,6236.55,5264.55,5897.90,4236.20,3947.95,2842.60,3407.85,3444.15,3727.75,3418.45,5783.40,6138.25,5855.05,4882.05,5157.40,3862.25,3921.30,3255.10,1724.60,2685.20,3069.05,3082.85,5074.15,4669.25,5129.05,3961.65,6298.80,4750.85,3547.15,2624.25,2481.65,2812.60,3215.85,3616.35,6113.00,6911.35,6464.25,5096.55,6241.95,
TRAVEL,,,,,,472.00,1208.00,813.00,1452.00,1345.50,,,,,427.50,700.00,1011.00,1486.50,1424.50,1918.50,2243.00,1041.00,,,878.90,,,,-878.90,,,,,,,,,,,,,,,,,,,,,,,,,,,,,
TROISTORRE,,,,,,,,,,,,,,,24.00,,50.50,80.50,61.50,57.00,,78.30,72.50,,,129.00,32.05,48.15,87.25,,72.90,45.90,112.40,40.10,64.25,32.05,37.85,32.05,94.15,90.75,64.25,65.40,72.30,99.35,,86.15,40.10,49.90,59.10,40.10,48.15,43.75,40.10,,,,,
UNION,,,,,,,,,,,,,,,,,,,,,,,,-12139.90,,,,,,,,,,,,,,,,,,,,,,,,,,,,,,,,,,
VATEL,2256.20,3755.35,5984.15,7193.45,9696.40,5863.20,7395.40,6135.10,9835.30,10625.95,10932.50,6829.40,8813.30,5426.30,10025.40,8733.10,10025.90,11566.45,10262.20,9326.55,12720.45,10103.20,11000.50,9706.10,9293.70,7432.35,9591.65,11392.05,13440.15,13208.55,9736.10,9562.80,11845.85,13215.45,8240.15,8045.65,11096.20,6864.00,8913.70,7927.20,10707.85,11228.25,8943.60,8174.05,12580.80,15208.30,10998.10,10620.60,10777.30,10950.85,8843.35,9214.55,12144.05,10922.25,16412.15,10667.90,14925.85,
VENETO,,,,140.00,258.00,1505.20,1216.00,1167.40,995.70,1687.65,1051.40,1501.85,1488.00,1276.05,1326.75,1072.00,2203.40,1064.50,714.65,868.00,2330.65,1380.85,1686.30,1622.35,1671.35,1908.85,2611.75,1488.75,1864.50,1804.70,800.10,570.40,1351.35,1367.40,1622.80,2229.90,1855.55,1866.80,1389.25,1075.15,1576.50,988.95,780.35,424.45,1050.95,1636.50,905.95,1478.65,1001.75,1311.00,480.90,1356.65,415.40,369.80,649.50,688.70,1027.80,
VICTORIA,,,,,,,,,1819.00,2472.75,2530.20,318.15,798.20,3509.75,5693.50,3425.05,6546.35,8742.40,7152.45,7958.65,8504.05,6691.25,6092.75,2844.80,5750.50,7186.25,970.00,,,,,,,,,,,,,,,,,,,,,,,,,,,,,,,
VICTORIAGL,,,,,,,,,,,,,,,,,,,,,,,,,,,,,,,,,,,,,,,,,,,,,,,,,,,,,,1748.20,,,,
VILLA TOSC,247.25,,,525.45,213.90,2583.20,4047.00,5609.30,3276.80,4560.10,4391.10,4829.35,1229.70,547.75,,3551.35,6533.70,1055.10,,,,,,,,,,,,,,,,,,,,,,,,,,,,,,,,,,,,,,,,
VILLARS,,,,,,,,,,,,5341.30,4564.65,4442.30,5967.85,,634.95,1398.30,4292.85,5138.00,3228.80,1032.35,,3939.85,5167.15,6071.85,5679.00,1147.30,1294.40,3177.20,3988.90,3094.85,3100.20,,,3383.00,6621.15,6188.50,4872.00,328.35,801.55,3011.90,5884.50,3996.40,1448.35,678.80,799.90,1734.40,6156.85,6508.65,5743.95,12.00,1355.25,2068.45,5226.95,4637.70,1303.15,
WARWICK,,,,,,,,,,,,,,,,,4346.85,1388.95,,,,,,,,,,,,,,,,,,,,,,,,,,,,,,,,,,,,14289.00,37946.45,34018.80,37732.95,
YOTEL,,,,,,,,,,,,,,,,,,,,,,,,,,,,,,,,,,6201.90,,5630.35,3481.85,3248.75,3430.35,10068.00,-11806.60,10905.40,7680.35,7501.00,6041.75,8119.30,7482.70,7815.90,6878.25,7556.75,7211.10,9466.10,13218.80,18821.45,22934.65,13335.45,19573.35,
,,,,,,,,,,,,,,,,,,,,,,,,,,,,,,,,,,,,,,,,,,,,,,,,,,,,,,,,,,
,,,,,,,,,,,,,,,,,,,,,,,,,,,,,,,,,,,,,,,,,,,,,,,,,,,,,,,,,,
,,,,,,,,,,,,,,,,,,,,,,,,,,,,,,,,,,,,,,,,,,,,,,,,,,,,,,,,,,
,,,,,,,,,,,,,,,,,,,,,,,,,,,,,,,,,,,,,,,,,,,,,,,,,,,,,,,,,,